customer_id,name,email,country,signup_date,age
CUST00001,Allison Hill,no-at-sign0,India,2025-06-02,65
CUST00002,Daniel Wagner,hoffmanjennifer@example.net,India,2025-08-31,31
CUST00003,Kevin Pacheco,blakeerik@example.com,USA,2025-04-03,55
CUST00004,Tyler Rogers,jamesmichael@example.com,USA,2025-10-13,27
CUST00005,Monica Herrera,smiller@example.net,USA,2025-10-24,56
CUST00006,Laura Bush,stanleykendra@example.org,USA,2026-04-15,36
CUST00007,Jamie Chavez,francisco53@example.net,India,2025-02-09,32
CUST00008,Maria Lynch,amandasanchez@example.com,USA,2025-05-02,58
CUST00009,Margaret Hawkins DDS,perezantonio@example.com,India,2025-05-18,28
CUST00010,Thomas Bradley,jason76@example.net,India,2025-06-29,71
CUST00011,David Hoffman,julie69@example.com,USA,2025-04-19,31
CUST00012,Brenda Snyder PhD,hernandezernest@example.net,USA,2025-06-02,59
CUST00013,James Ferrell,tasha01@example.net,USA,2026-05-06,45
CUST00014,Patricia Peterson,ryan70@example.net,USA,2026-04-30,21
CUST00015,Jonathan White,harrellkenneth@example.net,India,2025-08-04,56
CUST00016,James Martin,georgetracy@example.org,India,2026-06-08,25
CUST00017,Sandra Parker,allenashley@example.org,India,2024-09-29,28
CUST00018,Mr. Philip Cannon,donnaarroyo@example.org,India,2025-02-07,24
CUST00019,Jenny Lewis,jenniferross@example.net,India,2025-11-16,28
CUST00020,Joseph Martinez,no-at-sign19,UK,2024-09-18,74
CUST00021,Crystal Whitehead,chad34@example.net,India,2025-07-18,49
CUST00022,Miranda Khan,esanchez@example.com,USA,2024-12-15,28
CUST00023,Jeffrey Henderson,dshields@example.net,India,2025-11-18,43
CUST00024,Amy Chandler,wrightjames@example.com,India,2024-11-08,22
CUST00025,Joel Baxter,ramosmichelle@example.net,India,2024-10-08,21
CUST00026,Kimberly Smith,housemelinda@example.org,India,2025-05-22,49
CUST00027,Dr. Steven Martin,gallowayjoseph@example.com,USA,2025-02-22,48
CUST00028,Monica Logan,smoore@example.org,USA,2026-07-07,73
CUST00029,Kimberly Adkins,williamsthomas@example.net,USA,2024-11-21,69
CUST00030,Angela Lopez,leonardjoe@example.org,USA,2026-06-17,47
CUST00031,Lauren Williams,barnesbrandy@example.net,India,2025-03-17,52
CUST00032,Michael Edwards,randy47@example.com,India,2026-06-08,48
CUST00033,Alexandra Howell,jonesjason@example.com,USA,2024-11-02,68
CUST00034,Benjamin Sanchez,eric84@example.net,USA,2026-07-18,36
CUST00035,Kendra Contreras,sarah12@example.com,USA,2024-10-21,55
CUST00036,Juan Nelson,jenniferharris@example.net,India,2026-04-13,22
CUST00037,Danielle Odonnell,davisrodney@example.com,India,2024-08-30,20
CUST00038,Carlos Whitney,joycearnold@example.com,USA,2025-09-12,63
CUST00039,Tony Vazquez,amydavenport@example.net,USA,2025-09-05,
CUST00040,Andrew Diaz,nolanjason@example.org,India,2025-11-28,31
CUST00041,Justin Baxter,sarayoung@example.org,India,2026-07-12,28
CUST00042,Sierra Johnson,kimberly63@example.com,India,2024-11-22,53
CUST00043,Janet Williams,dwalker@example.com,India,2025-03-09,65
CUST00044,Crystal Johnson,raymondramirez@example.org,India,2026-07-05,72
CUST00045,Martin Ross,sheila14@example.org,India,2025-09-26,
CUST00046,Mrs. Linda Reed,samuel81@example.com,USA,2026-05-17,46
CUST00047,,michaeljones@example.net,India,2026-06-02,71
CUST00048,Mary Martinez,no-at-sign47,India,2024-12-16,31
CUST00049,Jamie Adkins,christinaturner@example.net,USA,2026-03-30,65
CUST00050,Daniel Floyd,steven73@example.net,India,2025-07-09,19
CUST00051,Rebecca Jackson,campbellelizabeth@example.net,India,2025-03-31,68
CUST00052,Nicole Chambers,lindsayhernandez@example.org,USA,2025-01-23,70
CUST00053,Samuel Jones,kmercado@example.org,India,2026-01-05,35
CUST00054,James Hernandez,staffordmichelle@example.org,India,2026-02-18,34
CUST00055,Robert Dominguez,pwilliams@example.org,USA,2025-06-27,50
CUST00056,Mary Travis,stephanie79@example.net,India,2026-05-12,22
CUST00057,Terry Griffin,juliawells@example.com,USA,2026-01-29,60
CUST00058,Destiny Strickland,rsims@example.com,USA,2024-09-23,75
CUST00059,Devon Flores,taylorjesse@example.net,India,2024-11-17,55
CUST00060,Jason Rivera,nperry@example.com,India,2025-05-09,36
CUST00061,Theresa Smith,wwoods@example.com,USA,2026-01-30,30
CUST00062,Tiffany Barnes,tracynelson@example.com,USA,2024-08-19,58
CUST00063,Michael Powell,marycalhoun@example.net,India,2025-08-23,73
CUST00064,Leslie Alvarado,dayderek@example.com,USA,2024-12-08,33
CUST00065,Garrett Gibson,kathleen64@example.com,USA,2025-01-29,75
CUST00066,Alec Ryan,jeffrey10@example.org,USA,2026-06-23,65
CUST00067,Alex Hernandez,thomaswilson@example.org,USA,2025-07-03,35
CUST00068,Jacob Obrien,stricklandfrank@example.com,India,2024-10-16,32
CUST00069,Eric Byrd,tsanders@example.org,USA,2024-09-22,31
CUST00070,Lori Garcia,,UK,2025-06-07,37
CUST00071,Jonathan Peterson,gshort@example.com,India,2026-07-01,
CUST00072,Sandra Zimmerman,hthompson@example.net,India,2025-02-11,26
CUST00073,Kimberly Webb,lpetersen@example.com,India,2025-03-21,26
CUST00074,Timothy Ramirez,dsanchez@example.net,USA,2025-10-18,42
CUST00075,Allen Rosales,tonykelly@example.com,India,2025-04-03,40
CUST00076,Meredith Hill,tracy.com,India,2026-02-03,57
CUST00077,Maria Henry,davisjeffrey@example.net,USA,2025-01-22,28
CUST00078,Jackie Tran,ronald85@example.com,USA,2025-12-24,19
CUST00079,David Martinez,leslienewton@example.net,India,2024-12-11,62
CUST00080,John Hardy,tina34@example.org,India,2025-04-18,54
CUST00081,Michael Martinez,mccannangela@example.net,,2026-06-19,70
CUST00082,Nicole Garcia,andrewstaylor@example.com,India,2025-04-04,64
CUST00083,Dawn Hensley,shortrichard@example.org,USA,2025-09-23,64
CUST00084,Brittany Shepherd,christopher31@example.net,USA,2026-02-07,47
CUST00085,Rachel Perez,chayes@example.com,USA,2026-04-18,69
CUST00086,Elizabeth Oliver DDS,mezajared@example.org,India,2025-02-07,64
CUST00087,David Arnold,aaronhayes@example.net,USA,2025-07-07,23
CUST00088,Dwayne Campbell,ojones@example.com,USA,2026-02-24,65
CUST00089,Mary Peck,owilson@example.net,India,2024-11-14,65
CUST00090,Charles Brown,brooke94@example.com,USA,2024-10-27,71
CUST00091,,mkim@example.org,USA,2026-05-10,21
CUST00092,Lindsey Johnson,suzannehuff@example.net,India,2025-10-01,48
CUST00093,Phillip Underwood,hinesgregory@example.net,India,2025-11-17,43
CUST00094,Catherine Richards,ecosta@example.com,USA,2025-05-23,33
CUST00095,Brian Martin,ssteele@example.net,USA,2026-06-19,46
CUST00096,Krista Gibson,johnny16@example.net,India,2026-03-24,31
CUST00097,Sean Murray,lopezmichael@example.com,,2025-10-29,62
CUST00098,Christina Dunn,samuel71@example.org,USA,2026-07-10,32
CUST00099,Cynthia Moore,tranchristopher@example.org,USA,2025-07-01,32
CUST00100,Ronnie Jimenez,william46@example.com,USA,2026-07-15,70
CUST00101,Juan Reyes,michellehill@example.com,USA,2025-04-03,49
CUST00102,Debra Smith,mary97@example.org,India,2025-06-20,61
CUST00103,Mr. Phillip Bennett,molly39@example.com,USA,2025-01-15,66
CUST00104,Amanda Garner,qhughes@example.net,USA,2026-07-15,49
CUST00105,Andrew Shaw MD,sawyerscott@example.net,India,2026-05-25,62
CUST00106,Charles Pitts,matthew@@invalid,USA,2025-11-16,25
CUST00107,Sarah Villarreal,ofinley@example.net,USA,2026-05-08,30
CUST00108,Joshua Williamson II,wendy16@example.org,USA,2026-02-04,36
CUST00109,Ashlee Jackson,rebecca05@example.org,India,2025-02-28,37
CUST00110,Charles Schmidt,georgemiller@example.com,USA,2025-10-25,59
CUST00111,Thomas Thomas,dlittle@example.com,USA,2025-11-28,33
CUST00112,Julie Roberts,charleslandry@example.net,India,2025-03-04,35
CUST00113,Melissa Bryant,james67@example.org,India,2025-01-18,37
CUST00114,Laura Haney,andrew64@example.org,USA,2025-09-15,53
CUST00115,Natasha Williams,swall@example.org,India,2025-10-15,32
CUST00116,Mark Oliver,courtneyberger@example.net,USA,2024-08-26,60
CUST00117,Amanda Diaz,christopherphillips@example.net,USA,2025-05-28,73
CUST00118,,alyssa42@example.com,India,2026-05-28,68
CUST00119,Tracy Phillips,linda71@example.org,USA,2026-01-31,58
CUST00120,Michael Craig,zcoffey@example.net,USA,2025-04-22,65
CUST00121,Alexis Herrera,vrichardson@example.net,India,2025-02-05,75
CUST00122,Mark Watson,thomasharvey@example.net,India,2025-03-25,54
CUST00123,Maria Reid,tblankenship@example.net,India,2025-05-23,55
CUST00124,Tracy Torres,,USA,2025-12-01,28
CUST00125,Theresa Barnes,nicolepena@example.com,USA,2025-10-22,37
CUST00126,Diana Vaughn,scottsampson@example.com,USA,2024-10-09,36
CUST00127,,bruce43@example.org,India,2026-06-22,65
CUST00128,Anna Lewis,williamsmatthew@example.org,USA,2026-02-24,30
CUST00129,Ronald Spencer,lisahall@example.org,India,2026-02-25,59
CUST00130,Destiny Riggs,amberlindsey@example.org,USA,2025-11-24,44
CUST00131,Adrian Tyler,briannasmith@example.com,USA,2024-09-05,34
CUST00132,Kelly Reese,xwest@example.net,India,2025-10-05,22
CUST00133,Daniel Gilbert,stephen00@example.com,USA,2026-04-09,-5
CUST00134,Brian Joseph,fjones@example.com,USA,2025-10-16,32
CUST00135,Donald Schultz,oscar98@example.com,India,2025-06-25,47
CUST00136,Annette Miles,russellbeasley@example.com,USA,2025-04-02,25
CUST00137,Jason Davis,qedwards@example.com,USA,2026-06-26,64
CUST00138,Kara Davis,daviscolin@example.net,USA,2025-04-27,41
CUST00139,Anthony Frye,elizabeth65@example.net,USA,2026-06-16,59
CUST00140,Thomas Williams,caroline51@example.net,USA,2025-08-03,31
CUST00141,John Boone,megan51@example.com,India,2025-09-21,31
CUST00142,Sarah Villegas,lynchdiane@example.net,USA,2025-02-09,
CUST00143,Michael Parker,michael22@example.net,USA,2025-11-21,
CUST00061,Patrick Bonilla,no-at-sign143,India,2025-03-13,44
CUST00145,Todd Carlson,moorekaren@example.org,India,2025-12-03,32
CUST00146,Matthew Tucker,nperry@example.net,USA,2024-10-20,19
CUST00147,Douglas Gregory,trose@example.org,USA,2025-01-06,23
CUST00148,Mrs. Christine Dougherty,kathrynroberts@example.org,USA,2024-08-03,56
CUST00149,Casey James,vincentwhitaker@example.com,India,2024-09-19,74
CUST00150,Amanda Smith,atkinsbarbara@example.net,USA,2025-05-20,34
CUST00151,Donna Sullivan,george97@example.net,India,2026-06-01,65
CUST00152,Ryan Sanchez,zwarren@example.com,USA,2026-01-25,44
CUST00153,Richard Jones,schmidtjames@example.com,USA,2025-04-11,40
CUST00154,Maria Hernandez,thomasjames@example.net,USA,2024-11-17,41
CUST00155,Angela Bean,kmarshall@example.net,India,2025-06-22,60
CUST00156,Kristy Reid,michelle52@example.com,USA,2024-09-16,29
CUST00157,Eric Hill,bellcharles@example.com,India,2025-06-24,51
CUST00158,Ronald Jones,gilbertwilliam@example.com,India,2025-09-26,27
CUST00159,Nancy Williams,marcalvarez@example.org,USA,2026-06-29,44
CUST00160,Robert Monroe,wagnergerald@example.org,USA,2025-12-28,37
CUST00161,,paul59@example.org,India,2026-02-25,66
CUST00111,Andrea Davis,umitchell@example.net,India,2026-07-03,71
CUST00163,Brittany Miller,sabrinacollins@example.net,USA,2025-12-21,73
CUST00164,Kurt Hurley,angelica52@example.net,USA,2025-12-24,38
CUST00165,Yolanda Gaines,lucasrodney@example.com,USA,2024-08-11,33
CUST00166,Trevor Peterson,ilee@example.org,India,2024-09-23,28
CUST00167,Ashley Wise,stanleynancy@example.net,USA,2024-11-01,70
CUST00168,Christopher Guerra,jenniferwilliams@example.com,India,2025-12-05,59
CUST00169,Jeremy Mitchell,pyoung@example.com,USA,2026-07-04,74
CUST00170,Stephanie Lee,smurray@example.com,India,2025-07-31,48
CUST00171,Christopher Gonzalez,moniquewilliams@example.com,USA,2026-04-28,20
CUST00172,Ashley Singleton,mitchellkathryn@example.com,USA,2025-06-22,53
CUST00173,Sandra Davis,lisawilkerson@example.org,India,2025-05-28,48
CUST00174,James Hughes,brooksanthony@example.org,India,2026-04-03,29
CUST00175,Raven Taylor,samantha72@example.net,USA,2025-07-06,36
CUST00176,Susan Smith,marydunn@example.net,USA,2025-10-17,24
CUST00177,Ricardo Young,williamsrobert@example.net,India,2025-06-28,55
CUST00178,Taylor Carlson,chenbailey@example.net,India,2024-11-10,23
CUST00179,Lucas Allen,qlopez@example.org,India,2025-08-15,
CUST00180,Troy Stephens,myerstheodore@example.net,USA,2025-05-07,26
CUST00181,Paul Kelly,cooperjessica@example.net,India,2024-10-12,74
CUST00182,Nicole Anderson,amy27@example.net,India,2025-07-13,20
CUST00183,Chad Baldwin,mjohnson@example.org,USA,2026-02-27,33
CUST00184,Emily Collins,ihays@example.com,USA,2025-01-30,36
CUST00185,Cheryl Kelly,glennmartin@example.org,India,2026-03-05,21
CUST00186,James Gonzales,lmorgan@example.com,India,2025-12-16,66
CUST00187,Robert Adams,acostachristian@example.net,India,2026-07-26,
CUST00188,Edward Garcia,donna47@example.net,India,2026-01-04,19
CUST00189,Jeremy West,christina64@example.net,India,2026-07-15,71
CUST00190,Angela Walsh,william20@example.org,N/A,2026-04-10,71
CUST00191,Jessica Martinez,kimberlydiaz@example.com,India,2026-06-23,21
CUST00192,Christian Cole,nathan19@example.org,USA,2025-08-20,19
CUST00193,Matthew Wright,no-at-sign192,India,2025-02-05,29
CUST00194,Jeremy Davies,heather73@example.org,India,2024-11-05,48
CUST00195,Christopher Reeves,cochrantammy@example.com,India,2025-11-29,64
CUST00196,Krista Roberts,melissa25@example.net,USA,2025-01-08,70
CUST00197,Dr. Cynthia Snyder,angela57@example.net,India,2024-10-31,22
CUST00198,Ana Sanders,xfox@example.com,India,2026-03-22,37
CUST00199,William Day,howens@example.com,India,2024-10-30,73
CUST00200,Kristen Matthews,ryanbartlett@example.org,USA,2026-03-28,75
CUST00201,Elizabeth Martin,michaeleverett@example.com,USA,2026-04-08,64
CUST00202,Mark Pierce,colleenmendez@example.org,India,2025-07-31,60
CUST00203,Todd Moore,megan90@example.org,USA,2024-09-26,73
CUST00204,Patricia Baker,katiebutler@example.net,India,2024-08-20,58
CUST00205,Kimberly May,,India,2025-06-15,33
CUST00206,Mr. Lawrence Edwards,jessica56@example.org,USA,2026-02-05,41
CUST00207,Ashley Allen,adamsjohn@example.org,USA,2024-09-03,25
CUST00208,Sharon Barnes,lisapeck@example.net,USA,2025-03-14,31
CUST00209,Kathleen Robertson,fkoch@example.org,India,2024-10-02,75
CUST00210,Jim Allen,brandon47@example.net,USA,2026-05-04,53
CUST00211,Julie Herrera,jordannicole@example.net,India,2025-04-22,50
CUST00212,Andrew Williams,michaelroberts@example.com,USA,2025-08-01,41
CUST00213,Diana Hays,andersoncolin@example.com,USA,2026-03-02,64
CUST00214,Todd Fischer,carriemorales@example.org,USA,2024-08-31,46
CUST00215,Gary Wells,ghernandez@example.org,India,2025-03-25,26
CUST00216,Carla Ewing,brittney88@example.net,India,2025-07-22,63
CUST00217,Karen Smith,emily69@example.com,India,2026-03-03,53
CUST00218,Melissa Johnson,pbaker@example.net,India,2025-09-24,57
CUST00219,Lauren Jackson,rhernandez@example.org,India,2024-08-21,59
CUST00220,Ashley Smith,robert63@example.com,India,2025-07-30,58
CUST00221,Kaitlyn Charles,thorntonapril@example.net,USA,2025-03-23,22
CUST00222,Kelly Edwards,stevepatel@example.net,India,2025-04-13,63
CUST00223,Michelle Schneider,chelsea33@example.com,India,2025-09-09,47
CUST00224,William Evans,janet75@example.com,USA,2025-04-09,73
CUST00225,Rebecca Hill,berryamy@example.com,India,2026-03-19,50
CUST00226,Regina Roberts,stephanie15@example.com,USA,2025-11-20,31
CUST00227,Cindy Clayton,sarah42@example.org,USA,2025-10-22,18
CUST00228,Dana Santiago,danawilliams@example.com,USA,2025-03-27,21
CUST00229,Michael Taylor,richarddonovan@example.com,USA,2025-07-13,57
CUST00230,Victor Morris,velezchristopher@example.net,USA,2025-01-14,41
CUST00231,Sarah Johnson,randy.com,USA,2025-07-26,51
CUST00232,Tonya Howe,smithashley@example.org,India,2026-06-07,57
CUST00233,Jesse Davidson,ismall@example.net,USA,2025-07-06,19
CUST00234,Brian Martin,twong@example.org,India,2024-08-08,34
CUST00235,Edward Craig,gregorychase@example.com,USA,2026-03-25,58
CUST00236,Angie Caldwell,tinawoods@example.org,India,2024-08-02,46
CUST00237,Jeremy Adams,kevin90@example.com,USA,2025-11-18,65
CUST00238,Amy Wilson,erik84@example.net,USA,2024-10-22,38
CUST00239,Elizabeth Mendez,susanmendoza@example.com,USA,2026-01-26,30
CUST00240,Jennifer Dunn,ztodd@example.net,USA,2026-03-24,62
CUST00241,Melanie Larson,foxallison@example.com,USA,2024-09-24,54
CUST00242,Amy Kelley,ashleyhernandez@example.com,India,2026-04-14,36
CUST00243,Michael Love,gdavis@example.com,India,2026-03-12,52
CUST00244,Jose Bryant,hansenemily@example.com,India,2026-01-08,60
CUST00245,Robert Reese,williamsmelvin@example.org,USA,2025-08-28,67
CUST00246,Steven Andersen,ajohnson@example.org,USA,2026-02-11,30
CUST00247,Veronica Brewer,ybrooks@example.com,India,2026-04-25,64
CUST00248,Jaime Vega,desireebailey@example.org,India,2026-07-24,43
CUST00249,Cameron Irwin,avilatiffany@example.com,Unknown,2025-12-03,39
CUST00250,Kim Morrow,stevenmoore@example.org,USA,2026-06-14,69
CUST00251,Ashley Pacheco,bmendez@example.org,USA,2024-12-26,54
CUST00252,Andrew Harper,sanchezbradley@example.com,USA,2025-01-16,23
CUST00253,Scott Brown,jim95@example.net,India,2025-10-09,33
CUST00254,Erica Turner,valerieboyd@example.com,USA,2025-03-05,62
CUST00255,Travis Hobbs,conniesimmons@example.com,USA,2024-09-01,58
CUST00256,Mason James,heather62@example.com,India,2025-04-30,56
CUST00257,Kara Atkinson,meredith27@example.org,India,2025-09-13,61
CUST00258,Kristin Anderson,jonathanrivera@example.org,India,2026-06-03,25
CUST00259,Anna Hardy,brettbennett@example.net,USA,2025-10-12,46
CUST00260,Chelsea Gill,timothybooth@example.com,India,2025-03-07,50
CUST00261,Christy Lee,burgesskaren@example.org,India,2025-12-19,0
CUST00262,Jennifer Allen,kimberly67@example.net,India,2025-11-15,22
CUST00263,Ian Andrade,ugarcia@example.com,USA,2026-02-05,75
CUST00264,Dale Edwards,hartjeffrey@example.org,India,2024-08-09,40
CUST00265,Lauren Cortez,elijah53@example.com,India,2025-09-18,37
CUST00266,Juan Harding,jonathan77@example.com,USA,2024-11-28,35
CUST00267,Caroline Cortez,iwhite@example.net,India,2026-06-28,22
CUST00268,Sara Jones,jesse@@invalid,USA,2024-08-04,52
CUST00269,Jacqueline Williamson,bhopkins@example.org,USA,2025-08-22,67
CUST00270,Alan Bowen,andre62@example.org,India,2026-05-31,35
CUST00271,Daisy Harvey,lisa46@example.org,USA,2025-04-27,21
CUST00272,Karl Branch,kevinclayton@example.org,USA,2025-11-18,37
CUST00273,Olivia Davis,ebennett@example.org,India,2025-11-06,21
CUST00274,Angela Bruce,ariel18@example.org,India,2025-01-12,23
CUST00275,Melissa Knight,brandon14@example.net,USA,2025-09-13,56
CUST00276,Timothy Edwards,brendagoodwin@example.net,India,2026-03-21,73
CUST00277,Elizabeth Elliott,irhodes@example.com,India,2025-05-05,66
CUST00278,Rachel Norris,masonterri@example.org,USA,2024-10-08,42
CUST00279,Billy Jacobs,unovak@example.org,USA,2025-11-04,64
CUST00280,Joanne Perez,rreynolds@example.net,India,2025-11-23,19
CUST00281,Luke Yates,millereric@example.net,USA,2026-02-22,54
CUST00282,James Ward,smithkyle@example.com,USA,2026-02-05,59
CUST00283,Brandon Jordan,fgarcia@example.com,USA,2025-09-07,74
CUST00284,Rachel Shields,carterpaul@example.org,India,2026-01-09,44
CUST00285,Wendy Sanchez,ginajackson@example.com,USA,2025-03-06,57
CUST00286,Arthur Hamilton MD,,UK,2025-07-26,
CUST00287,Judith Taylor,rushmartin@example.net,India,2025-05-02,24
CUST00288,Jessica Jordan,kevinmorrison@example.net,USA,2024-12-22,43
CUST00289,Vincent Novak,jessica79@example.org,India,2025-03-24,72
CUST00290,Richard Diaz,brittanygardner@example.net,India,2026-02-10,23
CUST00291,Nicholas Hahn,samuelcarter@example.net,India,2024-09-17,20
CUST00292,Rebecca Chambers,cynthiaallen@example.net,India,2024-11-18,35
CUST00293,James Cole,iaguilar@example.net,India,2026-06-04,66
CUST00294,Jennifer Johnson,jacqueline89@example.net,USA,2026-05-28,52
CUST00295,David Ortega,deborahwilliams@example.net,USA,2025-12-06,45
CUST00296,Paul Sheppard,grodriguez@example.com,USA,2025-01-07,35
CUST00297,Kristin Watts,seanmyers@example.net,India,2025-10-02,60
CUST00298,Haley Johnson,phillipssamantha@example.org,USA,2024-10-21,63
CUST00299,Brenda Collins,hmueller@example.com,USA,2025-04-09,66
CUST00300,Nathan Chavez,evanslisa@example.org,USA,2024-08-14,23
CUST00301,Brian Marsh,zacharyarnold@example.com,USA,2025-09-11,67
CUST00302,Crystal Sullivan,jacobsandoval@example.com,India,2024-08-19,28
CUST00303,Christina Vargas,nsmith@example.org,USA,2025-02-17,68
CUST00304,Rebecca Ray,michaelgonzalez@example.org,India,2025-02-05,26
CUST00305,Kelsey Fowler,lcarr@example.org,USA,2025-04-09,45
CUST00306,Lisa Cervantes,samantha91@example.net,India,2024-11-03,29
CUST00307,Eric White,williambarnes@example.org,India,2025-09-22,35
CUST00308,John Medina,angelaburns@example.org,India,2024-12-12,53
CUST00309,Lisa Glenn,washingtonjames@example.com,India,2026-07-03,68
CUST00310,Kathleen Cohen,cmckinney@example.com,India,2024-11-28,68
CUST00311,Rebecca Walker,hillamanda@example.org,USA,2026-02-19,68
CUST00312,Patricia Simpson,armstrongjoseph@example.net,India,2026-03-22,60
CUST00313,Rodney Williams,bpayne@example.org,USA,2026-01-18,39
CUST00133,Danielle Golden,colemichael@example.org,India,2025-06-14,43
CUST00315,Patricia Young PhD,michelle96@example.org,USA,2025-10-22,44
CUST00316,Robin Trujillo,amanda98@example.org,USA,2025-03-22,31
CUST00317,Donna Adams,taylorkaren@example.com,India,2026-05-31,
CUST00318,Sharon Martinez DVM,dustinmorris@example.org,India,2026-02-05,53
CUST00319,Katherine Ray,courtney67@example.org,India,2025-11-04,
CUST00320,Anna Robertson,heather57@example.com,N/A,2025-03-25,31
CUST00321,Raymond Oconnor,sreid@example.com,India,2026-04-11,30
CUST00322,Jennifer Donaldson,troymorris@example.com,USA,2025-04-01,55
CUST00323,Kylie Washington,patricia00@example.org,USA,2025-10-29,55
CUST00324,Alexis Noble,scottsmith@example.com,India,2024-12-23,44
CUST00325,Bonnie Santos,nancymcdowell@example.org,India,2025-11-19,49
CUST00326,Jacob Mckee,brettgarrett@example.net,India,2025-12-22,30
CUST00327,Matthew Padilla,lewischristian@example.net,USA,2025-01-10,46
CUST00328,Alexandra Dominguez,mcneilrobert@example.org,USA,2025-07-13,36
CUST00329,Brandon Shaffer,edwardsnicole@example.org,India,2025-05-04,35
CUST00330,Shelly May,,India,2026-01-08,24
CUST00331,Brittany Jenkins,no-at-sign330,USA,2026-01-13,23
CUST00332,Jeffrey Moody,joshuamiller@example.net,USA,2025-10-11,57
CUST00333,Dominique Pugh,abbottdominique@example.com,India,2024-12-26,52
CUST00334,Chelsea Myers,bowerslaura@example.org,USA,2025-07-25,50
CUST00335,Jonathan Wheeler,hatfieldsarah@example.org,India,2025-05-07,73
CUST00336,Jennifer Payne,kathrynbest@example.org,India,2024-08-10,61
CUST00337,Dennis Williams,fryraymond@example.com,India,2025-10-31,74
CUST00338,Jennifer Miles,davidsonamanda@example.org,USA,2025-02-16,38
CUST00339,Jorge Harris,amandamyers@example.net,USA,2026-02-06,68
CUST00340,Maria Collins,pblair@example.org,USA,2025-01-23,54
CUST00341,Audrey Salazar,parkerjudith@example.net,India,2024-12-04,
CUST00342,Chad Smith,hbenton@example.net,USA,2026-02-21,62
CUST00343,Carol Martinez,jessica10@example.com,India,2026-03-10,34
CUST00344,Austin Joseph,crawfordwilliam@example.org,India,2025-07-29,
CUST00345,Holly Scott,shannonemily@example.org,UK,2025-01-11,70
CUST00346,Amanda Roy,brandoncox@example.org,India,2024-12-06,24
CUST00347,Amanda Pratt,pwalker@example.com,India,2026-05-29,61
CUST00333,Roger Duncan,shawrachel@example.org,India,2025-01-08,27
CUST00349,Amber Morales,xcline@example.com,India,2025-03-25,55
CUST00350,Aimee Gonzalez,jodi37@example.com,India,2025-10-04,56
CUST00351,Raymond Gonzalez DVM,edwardrandolph@example.org,USA,2025-01-15,56
CUST00352,Ryan Wiley,aaron64@example.org,India,2024-12-25,25
CUST00353,Mrs. Tonya Kaufman,no-at-sign352,USA,2025-12-23,73
CUST00354,William Miller,wagnerdana@example.com,Unknown,2024-09-21,18
CUST00355,Jessica Brandt,kellyrosales@example.com,USA,2025-12-23,43
CUST00356,Emily Nelson,hardingderek@example.net,India,2024-10-16,27
CUST00357,Jerry Edwards,herreratami@example.org,India,2025-06-24,45
CUST00358,Samuel Davis,margaret90@example.org,USA,2026-04-01,21
CUST00359,Brandon Wright,randy04@example.com,India,2026-03-20,40
CUST00360,Tristan Bond,codygarcia@example.org,USA,2024-10-25,
CUST00361,Richard Walker,madisonwatson@example.net,India,2026-06-14,50
CUST00362,Kevin Lowery,johnsoncaleb@example.net,India,2025-06-18,61
CUST00363,Taylor Calderon,david70@example.org,India,2026-06-04,41
CUST00364,Nathaniel Crawford,lvega@example.com,USA,2025-01-01,33
CUST00365,Douglas Stephenson,mendezchristina@example.net,India,2025-03-01,69
CUST00366,Juan Brown,patrick63@example.net,USA,2026-05-06,53
CUST00367,Lydia Pham,mayokimberly@example.com,India,2025-07-14,55
CUST00368,Hailey Cunningham,paul20@example.com,India,2025-10-08,44
CUST00369,Robert Campbell,no-at-sign368,India,2024-10-10,42
CUST00370,Deborah Velasquez,gallagherstacie@example.net,USA,2026-04-08,27
CUST00371,Heather Combs,gregorywatkins@example.net,USA,2025-12-20,65
CUST00372,Alyssa Haynes,annalopez@example.com,India,2025-08-29,26
CUST00373,Andrew Brown,andrewwoods@example.com,USA,2026-05-30,35
CUST00374,Carlos Love,brian29@example.net,India,2026-05-30,47
CUST00375,Sarah Valencia,brookssheri@example.com,USA,2025-09-30,25
CUST00376,Frank Daugherty,fconner@example.net,India,2025-03-17,38
CUST00377,Kristina Preston,no-at-sign376,USA,2024-10-30,29
CUST00378,Tiffany Fry,xrosales@example.net,USA,2024-08-21,
CUST00379,Tammy Ponce,daniellegarcia@example.com,USA,2024-11-08,58
CUST00380,Cynthia Haas,daisymccarty@example.net,India,2025-11-30,59
CUST00381,Gabriela Smith,johnjones@example.com,India,2026-02-24,21
CUST00382,Amber Kim,,India,2025-04-29,29
CUST00383,Rachel Lane,franciscojones@example.org,USA,2025-03-01,74
CUST00384,Trevor Jones,pamelamartin@example.org,India,2025-09-01,
CUST00385,Anna Wheeler,bbush@example.net,USA,2024-11-26,54
CUST00386,Brooke Garcia,terriortiz@example.net,USA,2026-01-07,48
CUST00387,Deborah Campbell,codylong@example.net,India,2026-04-03,70
CUST00388,Isaac Patterson,madison97@example.org,USA,2024-10-07,71
CUST00389,Mark Rowland,tanthony@example.com,USA,2025-07-08,19
CUST00390,Deborah May,ylopez@example.com,USA,2024-12-12,29
CUST00391,Jeremiah Baker,anne21@example.org,India,2025-11-29,57
CUST00392,Jennifer Avila,angelarandall@example.net,USA,2025-05-31,27
CUST00393,Sharon Wells,thomasmiller@example.net,India,2024-08-23,60
CUST00394,Kellie Duncan,davidtodd@example.org,USA,2026-06-22,49
CUST00395,Daniel Lee,hendersonvanessa@example.com,USA,2024-12-23,55
CUST00396,Brittany Larson,renee11@example.com,India,2025-09-08,54
CUST00397,Shannon Stone,buchanancindy@example.net,India,2026-02-20,24
CUST00398,Chase Knight,buckleyanna@example.org,India,2026-02-23,23
CUST00399,Sheryl Humphrey,gerald.com,India,2025-05-19,40
CUST00198,Melanie Morales,vpreston@example.net,India,2025-01-18,49
CUST00401,Tammie Prince,morganlaura@example.com,India,2025-02-18,22
CUST00402,Michael Garcia PhD,kevinmanning@example.com,USA,2025-02-10,42
CUST00403,Matthew Lopez,robinrussell@example.com,USA,2026-02-04,45
CUST00404,Samantha Robertson,cameronmckinney@example.com,India,2024-11-05,44
CUST00405,Sherry Johnson,nancygonzalez@example.org,India,2025-01-27,43
CUST00406,Thomas Bush,micheal78@example.com,USA,2025-11-05,58
CUST00407,Andre Watson,ethompson@example.net,India,2025-09-05,25
CUST00408,Ryan Green,mitchellpaul@example.org,USA,2026-04-14,74
CUST00409,Cindy Walker,ericaadams@example.com,USA,2025-08-08,27
CUST00410,Tracy Fleming,pbuck@example.org,India,2025-10-11,71
CUST00411,David Trujillo,jennifer46@example.com,India,2026-04-12,23
CUST00412,Daniel Turner,asilva@example.net,India,2026-07-29,66
CUST00413,Sara Hoffman,kenneth17@example.org,India,2025-03-31,61
CUST00414,Frederick Hill,jacob83@example.org,India,2026-03-09,53
CUST00415,Lindsay Guerrero,jenniferrios@example.com,USA,2025-02-03,27
CUST00416,James Johnson,matthewreeves@example.net,India,2025-08-23,73
CUST00417,Susan Powers,megan82@example.com,USA,2024-10-08,35
CUST00418,David Stokes,staceylam@example.net,USA,2024-10-02,21
CUST00419,,nathan94@example.com,USA,2026-04-12,71
CUST00420,Sean Silva,kennedyjames@example.org,USA,2026-04-24,38
CUST00421,Edwin Brown,derrickgonzalez@example.com,USA,2026-07-20,66
CUST00422,Victoria Thomas,kimberlyfreeman@example.net,USA,2026-07-20,72
CUST00423,Anthony Hayes,kathleenjackson@example.org,India,2025-07-21,47
CUST00424,Anita Mendez,epowell@example.com,USA,2024-08-01,25
CUST00425,Monica Dodson,katherine83@example.org,USA,2025-12-05,40
CUST00426,Danielle Steele,larry16@example.net,India,2025-10-02,28
CUST00427,Rodney Evans,stephen89@example.net,India,2025-04-01,44
CUST00428,Whitney Cooper,mhoward@example.org,India,2026-06-22,56
CUST00429,Jennifer Perez,jasonjohnson@example.net,USA,2024-11-29,42
CUST00430,Matthew Johnson,kelsey90@example.net,USA,2026-07-26,18
CUST00431,Martha Smith,butleromar@example.net,USA,2025-01-29,24
CUST00432,Christine Jennings,turnerdorothy@example.net,USA,2025-08-13,51
CUST00433,Mercedes Barnes,huntchristine@example.com,USA,2024-10-20,64
CUST00434,Craig Gonzalez,marie35@example.net,India,2025-05-24,54
CUST00435,Joshua Lozano,arivera@example.org,USA,2025-12-01,60
CUST00436,Sara Caldwell,stacychan@example.org,USA,2026-01-08,26
CUST00437,David Hall,joseph01@example.org,USA,2026-04-28,32
CUST00438,Heather Rhodes,grodgers@example.org,USA,2024-08-05,47
CUST00439,Matthew Murphy,rfriedman@example.net,India,2024-10-04,30
CUST00440,Catherine Morales,ynelson@example.net,India,2026-04-11,30
CUST00441,Mariah Robles,andersonjessica@example.org,India,2024-10-12,49
CUST00442,Karen Carroll,ywhite@example.com,India,2025-10-18,28
CUST00443,Sheryl Acosta,timothyfreeman@example.com,USA,2025-06-16,43
CUST00274,Matthew Smith,tiffanysantiago@example.com,India,2025-08-12,66
CUST00445,Lisa Reynolds,timothyalvarado@example.net,USA,2025-05-06,24
CUST00446,Kristin Huerta,smithsarah@example.net,USA,2026-04-10,51
CUST00447,Sheila Jones,vflores@example.com,USA,2024-09-03,30
CUST00448,,christianwallace@example.net,India,2025-06-21,19
CUST00449,Jillian Wilson,no-at-sign448,India,2025-09-03,21
CUST00354,Rebecca Richmond,pamela83@example.net,India,2025-12-01,48
CUST00451,,meganrivera@example.net,India,2025-10-10,35
CUST00452,Heidi Chavez,malonejeffrey@example.com,India,2025-04-14,68
CUST00453,Rebecca Kelley,jacqueline02@example.com,India,2024-11-08,44
CUST00454,Mikayla Rodriguez,jacobconrad@example.com,USA,2025-01-02,18
CUST00455,Cheryl Morgan,owilliams@example.net,India,2025-10-02,22
CUST00456,Joanna Barrett,tamarasmith@example.net,USA,2024-09-02,21
CUST00457,Sara Webb,heatherthompson@example.org,USA,2024-10-12,25
CUST00458,Lisa Morris,mbarnes@example.net,India,2026-02-06,75
CUST00459,Victor Waller,iballard@example.com,India,2025-10-12,43
CUST00460,Kayla Cameron,jennifer83@example.org,India,2024-12-29,62
CUST00461,Melissa Morse,tinasantos@example.org,USA,2025-08-01,61
CUST00462,Erica Wilson,anna99@example.net,India,2025-12-30,49
CUST00463,Stephanie Ferguson,hstokes@example.org,India,2024-08-16,60
CUST00464,Michael Gonzalez,tonyavega@example.org,India,2026-04-03,60
CUST00465,Elizabeth Molina,howardshaun@example.net,N/A,2026-04-24,50
CUST00466,Sharon Newton,yyoung@example.net,India,2025-02-24,35
CUST00467,Tammy Hughes,tammy00@example.net,USA,2025-01-28,54
CUST00468,Priscilla Berg,rhondabush@example.net,India,2025-04-23,44
CUST00469,Nancy Gonzalez,kellythompson@example.net,USA,2024-09-21,53
CUST00470,Nancy Wilson,pattersonangela@example.org,India,2024-11-23,39
CUST00471,Abigail Owens,billmcfarland@example.net,India,2024-09-04,60
CUST00472,Lisa Stanley,jtyler@example.com,USA,2024-09-20,20
CUST00473,Kelly Krueger,hartmanerik@example.net,USA,2025-08-25,30
CUST00474,Daniel Lewis,mark43@example.net,USA,2025-08-20,44
CUST00475,Samantha Zavala MD,sean99@example.org,USA,2026-06-29,50
CUST00476,Erica Moon,cruzamber@example.com,USA,2024-08-16,67
CUST00477,Patricia Robertson,stucker@example.net,USA,2024-12-16,56
CUST00478,Tiffany Jackson,simsjason@example.net,India,2026-02-14,39
CUST00479,Jessica Garcia,elucas@example.net,USA,2025-12-12,53
CUST00480,Mitchell Johnson,brownlaura@example.net,USA,2024-09-18,61
CUST00481,Susan Russell,bmccoy@example.com,USA,2024-08-10,66
CUST00482,Kimberly May,avilabrenda@example.net,USA,2026-04-10,45
CUST00483,Jonathan Roberts,catherine47@example.com,India,2025-05-13,68
CUST00484,Kara Ferguson,julierobles@example.net,USA,2025-03-01,52
CUST00485,Elizabeth Eaton,susan08@example.net,India,2024-11-09,53
CUST00486,Kenneth Long,torreskaitlin@example.net,India,2025-04-06,42
CUST00487,Matthew Hunt,jackjensen@example.com,USA,2024-12-18,73
CUST00488,Robert Phelps,enewman@example.com,USA,2025-12-02,52
CUST00489,Craig Carpenter,michael31@example.com,India,2025-10-24,29
CUST00490,Emily Hayes,heather29@example.net,India,2025-04-21,999
CUST00491,Jeffrey Smith,kristenjoseph@example.net,India,2025-06-12,58
CUST00492,Brandy Quinn,wford@example.com,USA,2025-07-19,29
CUST00493,Matthew Miller,michele28@example.org,USA,2025-02-06,31
CUST00494,Angela Jones,atkinsoncrystal@example.net,USA,2025-09-25,70
CUST00495,Christy Johnson,amy87@example.net,India,2026-02-15,61
CUST00496,Daniel Barton,dennis88@example.org,USA,2025-05-15,51
CUST00497,Mary Charles,stacy.com,USA,2025-11-23,24
CUST00498,,billy73@example.org,India,2025-02-07,45
CUST00499,Michael Holmes,paul70@example.org,USA,2026-07-15,22
CUST00500,Michael Boyd,mary49@example.net,India,2025-09-18,34
CUST00501,James Matthews,blacknicholas@example.org,USA,2025-08-10,19
CUST00369,Sean Tucker,aeaton@example.net,India,2026-05-04,22
CUST00503,David Robertson,jason22@example.com,USA,2025-10-12,46
CUST00504,Mary Perry,jennifer77@example.com,USA,2024-12-30,72
CUST00505,Roy Johnson,andersonbrittany@example.org,USA,2025-11-01,18
CUST00506,,sandra86@example.net,India,2026-07-07,65
CUST00507,Sherry Luna,stacey37@example.net,India,2026-07-24,32
CUST00508,Carolyn Greer,laurahoover@example.org,India,2025-10-27,53
CUST00509,Carol Jennings,ecarlson@example.org,USA,2025-05-01,40
CUST00510,Alan Mills,mserrano@example.org,USA,2024-12-05,39
CUST00511,Linda Rich,davisdonna@example.net,USA,2025-08-27,0
CUST00512,Todd Gregory,xboyd@example.org,USA,2025-12-20,64
CUST00513,Todd Olson,zbell@example.net,India,2026-05-23,56
CUST00514,Laura Coleman,thomas31@example.com,India,2025-10-09,-5
CUST00515,Deanna Smith,lanedavid@example.org,India,2025-04-29,52
CUST00516,Robert Ortiz,mooredenise@example.com,USA,2025-02-05,50
CUST00517,Krystal Carr,afischer@example.net,India,2026-02-21,26
CUST00518,Mr. Justin King,becky62@example.net,USA,2024-10-24,20
CUST00519,Richard Avery,christina.com,USA,2025-12-11,47
CUST00520,James Fields,morrowthomas@example.net,USA,2025-06-12,34
CUST00521,Daniel Miller,ramseysarah@example.com,India,2025-10-20,42
CUST00522,Michelle Harper,daniellegonzales@example.org,USA,2026-04-11,18
CUST00523,Kelly Lee,christinacraig@example.com,India,2025-01-19,28
CUST00524,Christopher Shea,zgomez@example.com,India,2025-09-30,48
CUST00525,Nancy Jones,dunnjessica@example.net,India,2026-05-28,28
CUST00526,Victor Hill,shawnpowell@example.org,India,2025-02-04,43
CUST00291,Brian Jones,matthew18@example.com,USA,2026-04-30,28
CUST00528,Laura Benson,xhart@example.org,USA,2026-02-02,61
CUST00529,Judy Murray,olsonjonathan@example.com,,2025-11-04,70
CUST00530,Megan Hall MD,justin@@invalid,India,2026-01-27,26
CUST00442,Justin White,michael94@example.org,India,2026-06-21,45
CUST00532,Susan Porter,jimmyallen@example.com,India,2024-12-27,34
CUST00533,David Montgomery,kimberlywilson@example.org,USA,2025-12-05,18
CUST00534,Lisa Duran,tricia.com,USA,2026-05-15,24
CUST00535,Katherine Joyce,raymond92@example.org,USA,2025-08-17,61
CUST00536,Todd Johnson,phillip27@example.org,USA,2025-12-21,37
CUST00537,Michael Smith,nicolasgarcia@example.com,India,2025-10-19,46
CUST00538,Joshua Young,vmullen@example.com,India,2024-12-10,-5
CUST00539,Jason Goodwin,melissa47@example.org,USA,2025-09-19,23
CUST00540,Melissa Olsen,linda86@example.com,USA,2024-12-19,56
CUST00541,Nancy Kennedy,no-at-sign540,India,2026-02-23,56
CUST00542,Justin Bradley,kgarcia@example.org,India,2025-01-02,23
CUST00543,Ryan Davis,jordan58@example.net,India,2026-06-10,22
CUST00544,Alejandro Martinez,barbarasantos@example.net,USA,2024-12-03,35
CUST00545,Heather Nunez,justin.com,USA,2025-11-02,53
CUST00546,Christopher Morton,robert99@example.com,USA,2026-04-10,42
CUST00547,Christopher Perez,denise49@example.net,USA,2025-05-14,73
CUST00548,Priscilla Mcmillan,lgutierrez@example.org,India,2024-10-28,44
CUST00270,David Manning,clarkrandy@example.org,USA,2024-09-13,29
CUST00550,Kimberly Johnson,fwarren@example.org,India,2025-02-05,30
CUST00551,Matthew Mcclure,jerome47@example.net,USA,2024-10-29,24
CUST00552,Carolyn Johnson,theresa@@invalid,USA,2025-02-13,38
CUST00553,Wayne Wolfe,brittanybryant@example.net,USA,2025-11-05,66
CUST00554,Kelly Fowler,regina78@example.org,USA,2026-03-09,61
CUST00555,Jacob Green,alex82@example.com,N/A,2025-02-23,42
CUST00556,Melissa Vasquez,xevans@example.com,India,2026-03-04,57
CUST00557,Rebecca Kelley,robertcastro@example.com,USA,2025-01-27,35
CUST00558,Maria Clayton,josehenderson@example.org,USA,2025-08-10,53
CUST00559,Lisa Benson,justin84@example.com,India,2024-12-13,49
CUST00560,Chad Rodriguez,rwilliamson@example.net,USA,2025-10-27,53
CUST00561,Alec Williams,lopezcurtis@example.com,USA,2024-10-28,58
CUST00562,Adam Davis,snydermatthew@example.com,USA,2026-02-23,44
CUST00563,Mr. Michael Johnson Jr.,brianrowe@example.org,India,2025-08-30,36
CUST00564,Steven Wright,hclayton@example.net,USA,2025-01-26,47
CUST00565,Jessica Rojas,gonzalezjill@example.org,USA,2025-08-13,22
CUST00566,Mrs. Melanie Collins,eric08@example.net,USA,2024-10-26,46
CUST00567,Mr. Isaac Williams,teresayoung@example.com,India,2025-03-23,19
CUST00568,Donald Wilson,albertwilliams@example.net,India,2025-07-11,24
CUST00569,Jacqueline Davis,vincentparks@example.com,India,2026-06-09,57
CUST00570,Lori Brown DDS,martinezjesse@example.net,USA,2026-02-25,26
CUST00571,Renee Gonzales,andrewgray@example.net,USA,2024-11-04,47
CUST00572,Karina Kim,amy73@example.net,India,2024-12-12,47
CUST00573,Nicholas Hill,caseymoore@example.com,USA,2026-03-19,48
CUST00574,Jordan Parsons,bgross@example.net,N/A,2026-04-16,40
CUST00575,Cynthia Le,rlee@example.com,,2026-02-08,69
CUST00383,Douglas Ortiz,daniel81@example.org,USA,2026-03-31,28
CUST00577,Shane Harris,clee@example.net,India,2025-11-10,69
CUST00578,John Hanson,brandon39@example.net,USA,2024-09-18,72
CUST00579,Christine Henry,mcdonalddanielle@example.com,USA,2025-09-09,19
CUST00580,Jennifer Wood,colonjoseph@example.org,India,2026-01-16,-5
CUST00581,Angela Lewis,garciajerry@example.com,USA,2024-12-14,47
CUST00582,Danielle Garrett,angelagrant@example.net,USA,2024-10-14,22
CUST00583,Heather Ellis,kandrade@example.org,India,2025-09-04,67
CUST00584,Mary Ferguson,umahoney@example.net,India,2026-07-23,67
CUST00585,Jacob Duran,umckenzie@example.net,USA,2025-01-20,64
CUST00586,Jaime Pierce,michael77@example.com,India,2024-07-29,21
CUST00587,Duane Smith,victoriaturner@example.com,India,2026-07-18,55
CUST00044,Ethan Ingram,samantha88@example.net,India,2026-06-05,23
CUST00589,Andrew Kelly,josephpreston@example.org,India,2025-01-15,59
CUST00590,Anna Ross,jessicacummings@example.com,USA,2024-12-02,
CUST00591,Melissa Johnston,larsonkevin@example.net,India,2026-03-11,46
CUST00592,Richard Weeks,michael66@example.org,USA,2026-04-25,35
CUST00593,Matthew Guzman,walterscrystal@example.org,USA,2025-03-08,34
CUST00594,Joshua Hernandez,ericnunez@example.com,India,2026-07-08,41
CUST00595,Laura Davis,zroberts@example.org,USA,2024-11-02,61
CUST00596,Kenneth Williams,zbaker@example.net,India,2025-06-11,60
CUST00597,Pamela Castillo,tonypearson@example.org,USA,2025-09-12,20
CUST00598,Kelly Allen MD,kmorris@example.org,USA,2024-10-19,32
CUST00599,Jacob Lee,brittney04@example.org,India,2026-07-20,58
CUST00600,Wanda Ramos,scottglass@example.org,India,2024-12-21,35
CUST00601,Peter Farrell,singhjohn@example.net,India,2026-06-06,32
CUST00602,Samantha Smith,torresthomas@example.com,India,2024-12-28,53
CUST00603,Christina Mills,ana92@example.net,USA,2025-12-21,28
CUST00604,Kevin Alvarado,scottbrian@example.org,USA,2026-02-25,75
CUST00605,Amy Pena,jonesdonna@example.net,USA,2026-04-12,38
CUST00606,Sharon Smith,yhall@example.net,USA,2026-07-12,46
CUST00607,Ethan Delacruz,lopezvincent@example.com,India,2025-09-11,0
CUST00608,Amanda Nielsen,matthew62@example.org,USA,2025-04-08,50
CUST00609,Mario Young,lisa46@example.org,India,2026-06-19,74
CUST00610,Courtney Peterson,fsandoval@example.net,India,2025-05-04,64
CUST00611,Lisa Garrett,robertberry@example.com,India,2026-07-08,37
CUST00612,Erin Daniels,denisecarpenter@example.net,USA,2026-03-05,70
CUST00613,Ellen Thornton,russellstout@example.org,India,2025-11-20,58
CUST00614,Brooke Jones,whitemary@example.org,India,2026-01-11,61
CUST00615,Sheryl Gutierrez,vturner@example.net,India,2026-06-11,68
CUST00616,Richard Rodriguez,,USA,2025-01-13,50
CUST00617,Michael Howard,manderson@example.com,USA,2025-12-31,30
CUST00618,Samuel Henry,frankperez@example.com,USA,2026-02-07,54
CUST00619,Derrick Gutierrez,katherinejones@example.com,India,2026-04-23,28
CUST00620,Frederick Ellis II,mparsons@example.net,India,2026-03-23,32
CUST00621,Jennifer Crosby,meyershannon@example.org,India,2026-05-01,57
CUST00622,,grantzachary@example.net,India,2026-07-02,48
CUST00623,Jeffrey Wilkerson,steven64@example.net,USA,2026-05-31,57
CUST00624,,gdavis@example.org,India,2024-12-07,21
CUST00625,Stephanie Payne,cgutierrez@example.org,India,2024-12-06,60
CUST00626,Michelle Harris,,India,2024-11-25,50
CUST00627,Anna Mccarthy,christopher68@example.net,India,2026-06-23,47
CUST00628,James Tate,ariana22@example.org,USA,2024-12-06,150
CUST00629,Jennifer Collins,lroberts@example.org,USA,2026-05-16,58
CUST00630,April Cannon,ellismelissa@example.net,USA,2026-03-11,39
CUST00631,Katherine Robinson,cchavez@example.org,India,2025-10-11,54
CUST00632,Stephen Ramirez,brandonhernandez@example.net,India,2025-04-10,55
CUST00633,Andrew Lane,mark10@example.org,India,2025-05-29,67
CUST00634,Michael Carr,tammycurry@example.com,India,2026-06-09,71
CUST00635,Edwin Richardson,wwilkins@example.com,USA,2026-04-06,65
CUST00636,John Martinez,mark68@example.org,India,2025-12-19,19
CUST00637,Ashley Blair,webbhaley@example.net,India,2025-02-23,19
CUST00638,Emily Fox,sara99@example.com,USA,2025-08-12,42
CUST00639,Katherine White,jeanettekrause@example.org,India,2024-10-23,44
CUST00640,Robert Mclaughlin,laurenduarte@example.com,USA,2024-08-31,49
CUST00641,Robert Lewis,hannahking@example.org,USA,2025-03-10,43
CUST00642,Erica Smith,matthew99@example.org,India,2026-03-29,46
CUST00643,Roy Nielsen,zhendricks@example.org,India,2025-11-12,51
CUST00644,Mr. Steven Herrera,steven60@example.net,USA,2025-03-04,45
CUST00645,Emily Herrera,barbararivera@example.com,USA,2024-09-15,50
CUST00646,Ryan Morgan,ksims@example.net,USA,2025-10-14,19
CUST00647,Bruce Patton,janet50@example.com,USA,2025-05-27,59
CUST00648,David Hayes DVM,aliciathompson@example.com,USA,2026-02-22,23
CUST00649,Susan Wallace,lloydrebecca@example.org,USA,2024-12-15,20
CUST00650,Morgan Mills,douglas18@example.net,India,2026-07-24,63
CUST00651,Andrew Hughes,smithsarah@example.net,India,2026-04-09,
CUST00652,,meyerdonna@example.com,USA,2024-08-14,18
CUST00653,Margaret Clark,jameshill@example.com,USA,2026-02-13,150
CUST00654,Denise Moore,amy.com,India,2025-09-03,20
CUST00655,Tony Brock,georgecollins@example.com,India,2025-08-28,44
CUST00656,Allen Berger,rodriguezbrian@example.com,India,2025-05-11,65
CUST00657,Stephanie Soto,tjensen@example.com,USA,2026-03-18,66
CUST00658,Megan Ferguson,fbradley@example.net,USA,2025-07-06,44
CUST00659,Michael Mckinney,oruiz@example.org,India,2026-04-19,62
CUST00660,Susan Myers,kristina57@example.com,USA,2024-08-20,57
CUST00661,Gregory Murray,justinbailey@example.net,USA,2024-10-30,74
CUST00662,,steven@@invalid,India,2025-01-19,44
CUST00663,Christopher Olson,tina.com,USA,2025-09-16,22
CUST00664,,stevensonjennifer@example.com,USA,2024-10-20,
CUST00665,Erika Davis,zthompson@example.org,USA,2025-10-09,69
CUST00666,Linda Wilkins,troy01@example.org,USA,2026-03-18,70
CUST00667,Stephanie Fields,shermandonna@example.com,USA,2025-08-21,19
CUST00668,Kenneth Gonzalez,kevin46@example.net,India,2026-07-17,19
CUST00669,Brandon Smith,sabbott@example.org,India,2025-04-24,73
CUST00670,Amy Warner,daniel40@example.org,India,2025-06-09,33
CUST00671,Lori Joseph,ijames@example.org,USA,2025-11-25,67
CUST00672,Cole Cruz,mary24@example.net,India,2024-10-28,48
CUST00673,Matthew Thomas,ibarrett@example.org,India,2024-11-06,20
CUST00674,,dhanson@example.net,India,2025-06-04,74
CUST00675,Janice Perez,kjacobs@example.com,USA,2026-04-09,31
CUST00676,Jonathan Jenkins,arthur09@example.com,India,2025-12-26,
CUST00677,John Vaughn,jessicafox@example.com,USA,2025-07-03,35
CUST00678,Steve Davis,qmccoy@example.net,USA,2024-09-24,21
CUST00679,Rebecca Edwards,bergeramanda@example.org,USA,2025-07-06,63
CUST00680,Julie Gross,zgomez@example.com,USA,2025-02-25,30
CUST00681,Thomas Curry,bryan79@example.org,USA,2025-09-20,23
CUST00682,Dorothy Mclaughlin,mitchellchristopher@example.net,USA,2024-09-23,32
CUST00683,Darlene Gilbert,michaela01@example.net,USA,2024-12-03,74
CUST00684,Brittany Griffin,josehaynes@example.com,India,2024-12-08,40
CUST00685,Amanda Riggs,caitlinunderwood@example.com,USA,2026-01-30,22
CUST00686,James Guerrero,jasonnavarro@example.com,India,2024-09-06,42
CUST00687,Robert Williams,tross@example.com,USA,2026-01-25,33
CUST00688,Kim James,jwells@example.net,India,2026-04-26,47
CUST00689,Timothy Cole,suzanne01@example.net,India,2025-11-06,56
CUST00690,Jessica Hull,matthew41@example.com,India,2025-11-19,75
CUST00691,Raymond Curry,aprilbyrd@example.org,USA,2025-03-15,54
CUST00692,Adam Jones,gdavis@example.net,USA,2025-06-19,45
CUST00693,Douglas Lee,harveybrian@example.net,USA,2025-11-20,72
CUST00694,Tiffany Little,millercassandra@example.com,USA,2025-11-20,36
CUST00695,Kylie Coffey,dominguezjon@example.com,USA,2025-11-23,45
CUST00696,Jesse Carney,qschwartz@example.com,USA,2025-02-02,27
CUST00697,,dcook@example.com,India,2026-06-27,49
CUST00698,Jeremiah Vasquez,chelseywhite@example.com,USA,2024-10-16,62
CUST00699,Jessica Mendez,gainesjennifer@example.org,USA,2024-08-23,32
CUST00700,Nicholas Waters,mosleyeduardo@example.net,USA,2024-07-29,52
CUST00701,James Hernandez,rebecca90@example.net,USA,2025-12-28,23
CUST00702,Karen Powell,fernandezaaron@example.net,USA,2026-03-18,51
CUST00703,Mr. Timothy Howard,richard15@example.net,India,2026-04-13,52
CUST00704,Ryan Hodges,deborah28@example.org,USA,2026-07-06,75
CUST00705,Elizabeth Price,mccoymichael@example.org,USA,2026-05-07,62
CUST00706,Collin Johnson,cortezbrittany@example.com,USA,2025-05-09,54
CUST00707,Maria Porter,blevy@example.org,India,2025-04-03,22
CUST00708,Nathan Sullivan,lindsaycontreras@example.com,India,2026-06-16,56
CUST00709,Kimberly Figueroa,sandyjohnson@example.org,USA,2025-07-21,33
CUST00710,Terry Montgomery,jacquelineanderson@example.org,India,2025-11-03,70
CUST00711,Samantha Davis,marybrown@example.org,USA,2024-10-20,28
CUST00712,Lisa Brown,ronaldcain@example.net,India,2025-12-06,47
CUST00713,William Johnston,marcoconnell@example.org,USA,2026-02-07,42
CUST00714,,katherinejackson@example.com,USA,2025-09-06,38
CUST00715,Timothy Williams,moodycrystal@example.com,USA,2026-02-17,59
CUST00716,John Smith,saramann@example.net,USA,2026-05-08,61
CUST00717,Robert Barton,jamiebowman@example.net,India,2025-06-23,18
CUST00101,Christopher Holt,jennifersalazar@example.org,USA,2025-10-30,36
CUST00719,Hannah Smith,jamesdowns@example.org,India,2025-10-24,58
CUST00720,Victoria Romero,qtownsend@example.org,India,2025-02-16,62
CUST00721,Robert Jennings,kjimenez@example.net,USA,2026-06-03,62
CUST00722,Jackson Clark,matthew70@example.org,India,2026-01-21,39
CUST00723,Casey Floyd,erobertson@example.org,India,2026-01-07,29
CUST00724,Erika Gonzalez,jerry15@example.org,India,2024-10-08,63
CUST00725,Sheila Bennett,charlesrichards@example.org,India,2026-05-10,
CUST00726,Timothy Gibson,dbrooks@example.net,USA,2024-12-17,999
CUST00727,Derrick Rogers,schwartzbrian@example.org,India,2024-10-18,18
CUST00728,Jason Wolf,oliviamunoz@example.net,USA,2026-06-25,37
CUST00729,Laura Tran,christophervincent@example.com,USA,2026-04-20,47
CUST00730,John Ford,blairjill@example.org,India,2025-01-26,42
CUST00731,Daniel Pennington,robinvillanueva@example.com,India,2026-07-15,30
CUST00732,John Mack,simmonsphillip@example.net,USA,2026-03-21,71
CUST00333,David Hansen,steelerichard@example.org,India,2024-11-03,31
CUST00734,Matthew Davis,kcaldwell@example.net,India,2025-06-29,32
CUST00735,Lauren Bray,tingram@example.com,India,2024-12-11,59
CUST00736,Lori Padilla,daltonchad@example.net,USA,2025-03-29,71
CUST00737,Jeffery Nelson,kristinmiller@example.com,India,2026-01-17,30
CUST00738,Tony Leonard,rodriguezmichael@example.net,India,2024-08-27,68
CUST00739,Matthew Bush,devonrogers@example.net,USA,2024-10-20,41
CUST00740,Todd Carpenter,karenhodges@example.com,USA,2025-04-12,19
CUST00092,Michael Ramirez,watsonshaun@example.net,USA,2025-08-18,69
CUST00742,Michael Gregory,shannon51@example.org,USA,2026-05-11,29
CUST00743,Bobby Hurst,susan11@example.org,USA,2025-02-15,18
CUST00744,Kathleen Golden,cartertara@example.net,India,2026-06-10,58
CUST00745,Jason Rojas,carterbryan@example.org,USA,2026-03-31,28
CUST00746,Gabriella Lane,todd88@example.com,USA,2025-06-28,74
CUST00747,Stephanie Parker,jeremy54@example.org,India,2024-11-14,25
CUST00748,Tyler Montgomery,jennifermitchell@example.org,USA,2026-04-03,25
CUST00749,Mary Hernandez,darylchaney@example.net,India,2024-10-29,55
CUST00750,Cody Hart,wadetiffany@example.org,USA,2025-04-27,47
CUST00751,Carla Turner,sullivanvictor@example.org,India,2026-06-21,25
CUST00752,Brittney Cordova,deborah47@example.com,India,2026-07-07,58
CUST00753,Wendy Estrada,hmorgan@example.net,USA,2025-07-14,49
CUST00754,Michael Wilson,,India,2025-10-16,45
CUST00755,Joseph Harrington,james18@example.com,India,2025-12-05,20
CUST00756,Vanessa Foster,mstewart@example.net,USA,2026-06-18,62
CUST00757,Heather Hernandez,,India,2026-07-13,36
CUST00686,Anita Luna,afigueroa@example.com,India,2025-02-24,47
CUST00759,Tracy Coleman,ltaylor@example.net,USA,2024-09-29,18
CUST00760,John Dillon,,USA,2025-02-13,57
CUST00761,Joel Bradley,jamescollier@example.com,India,2025-09-06,61
CUST00762,Ronald Davenport,no-at-sign761,India,2025-03-05,63
CUST00763,Mallory Martinez,robert73@example.org,India,2024-10-24,65
CUST00764,Zachary Jones,bianca96@example.com,India,2025-10-31,75
CUST00765,Michael Wilson,brucefrancisco@example.org,USA,2024-11-12,71
CUST00766,Michael Howard,nelsonrobert@example.com,USA,2024-09-02,62
CUST00767,Mark Jones,katiewhite@example.org,India,2025-10-09,29
CUST00768,Frank Stewart,joseph51@example.net,USA,2025-09-26,31
CUST00769,Alexandria Holmes,kimberly65@example.org,India,2024-10-11,44
CUST00770,Daniel Lopez,butlersabrina@example.org,India,2026-03-19,51
CUST00771,Karen Collins,don79@example.net,USA,2026-02-07,54
CUST00772,Michael Johnson,walkermelissa@example.org,USA,2025-12-13,21
CUST00773,Daniel Zavala,yvazquez@example.org,USA,2024-09-23,29
CUST00774,Nicole Williams,johnsondonna@example.net,India,2024-09-10,54
CUST00775,David Jones,no-at-sign774,USA,2024-12-11,46
CUST00776,Brandon Singleton,stacy55@example.org,USA,2026-04-15,47
CUST00777,Lisa Wagner,garciabelinda@example.org,USA,2025-08-19,36
CUST00778,Tracey Jackson,beltrancorey@example.org,USA,2026-06-01,25
CUST00779,Karen Wolfe,scottrosario@example.org,USA,2026-03-31,32
CUST00780,Mrs. Kayla Russell,david18@example.org,India,2025-07-26,
CUST00781,Dwayne Bowen,murphydarrell@example.com,India,2025-06-28,43
CUST00782,Melissa Randall,angelaroberts@example.com,USA,2024-12-14,63
CUST00783,Ryan Alvarez,harry71@example.com,USA,2025-06-14,23
CUST00784,Angela Thomas,gneal@example.net,India,2026-06-05,75
CUST00785,Amy Hester,james61@example.org,India,2026-04-02,73
CUST00786,Diana Reeves,katelyn65@example.com,India,2025-11-28,35
CUST00787,Victoria Dixon,katrinarodriguez@example.com,India,2025-07-21,36
CUST00788,Tommy Johnson,greertyrone@example.org,USA,2026-07-09,150
CUST00789,Michael Hernandez,wolfdonna@example.net,USA,2026-02-10,49
CUST00790,Christina Bates,iwagner@example.com,India,2026-03-12,41
CUST00791,Alicia Gallagher,hbeard@example.com,India,2025-06-23,64
CUST00792,Jessica Johnson,angeladalton@example.com,India,2026-05-06,21
CUST00793,Jeffrey Edwards,hfreeman@example.net,India,2025-12-04,67
CUST00794,Melissa Armstrong,khart@example.net,USA,2024-09-07,61
CUST00795,Kevin Gray,katie45@example.org,USA,2024-08-18,18
CUST00796,Russell Bailey,hubbardcolleen@example.com,India,2024-10-08,27
CUST00797,Hunter Bell,johnwong@example.net,India,2024-09-29,22
CUST00357,Sheila Wilson,andrewnguyen@example.com,USA,2025-11-21,56
CUST00799,Jose Fisher,dominguezbrianna@example.com,India,2025-05-01,72
CUST00800,Kenneth Stokes,vazquezjamie@example.com,USA,2025-07-31,
